City_1,CO,NO2,O3,SO2,PM2.5,PM10,overall_aqi
Denver,213.62,10.11,88.69,4.65,2.71,3.87,134
Provo,283.72,26.39,45.06,1.76,2.87,4.52,38
Hampton,433.92,24.33,65.8,2.59,18.9,21.3,71
Birmingham,270.37,9.0,47.92,3.07,1.54,3.02,40
Greeley,183.58,3.21,87.26,1.88,3.25,3.92,130
Spring Valley,293.73,22.96,47.92,5.36,4.88,6.84,40
Tustin,337.12,33.24,69.38,8.82,7.59,13.36,82
Springfield,293.73,7.28,78.68,1.94,17.98,18.61,109
Fort Wayne,520.71,43.87,7.78,0.91,17.98,20.33,55
Santa Ana,337.12,33.24,69.38,8.82,7.59,13.36,82
Dayton,453.95,39.76,39.7,4.95,13.45,15.89,49
Redondo Beach,267.03,15.94,98.71,3.93,5.39,8.47,159
Shawnee,220.3,4.63,76.53,1.24,5.38,6.03,103
Bethlehem,307.08,47.98,23.6,10.37,17.95,32.9,59
Pasadena,310.42,36.67,38.27,1.33,5.05,11.91,45
Somerville,440.6,35.99,26.46,1.15,17.85,23.13,54
Muncie,243.66,4.24,86.55,3.07,8.09,8.49,128
Sparks,183.58,1.16,73.67,0.13,0.5,2.36,95
Compton,267.03,15.94,98.71,3.93,5.39,8.47,159
Jurupa Valley,317.1,23.99,118.73,8.23,21.06,28.01,201
Buena Park,447.27,72.66,52.93,10.01,13.3,19.51,90
Tampa,267.03,7.71,34.69,0.62,1.99,2.19,29
Midland,216.96,1.74,62.94,0.13,4.85,10.11,62
Rialto,534.06,65.8,95.84,5.9,43.73,51.58,152
Pomona,380.52,41.13,53.64,2.86,18.54,24.93,56
Arlington,226.97,6.08,81.54,2.74,5.72,6.67,116
Portland,383.85,23.99,1.21,0.48,6.19,9.41,29
Kenosha,267.03,4.88,105.86,2.21,5.6,6.47,177
Racine,253.68,2.46,100.14,1.89,4.81,5.6,162
Garden Grove,337.12,33.24,69.38,8.82,7.59,13.36,82
Longview,196.93,3.38,49.35,1.19,2.73,3.77,41
Detroit,1068.12,79.51,0.0,1.76,23.54,31.49,99
Temple,208.62,2.64,79.39,0.43,4.27,4.82,110
Mountain View,236.99,6.86,65.09,1.43,6.42,16.45,69
Omaha,236.99,4.16,63.66,1.22,4.4,4.64,64
Athens-Clarke County unified government,240.33,5.27,41.13,2.35,18.27,20.12,55
Scottsdale,230.31,11.48,103.0,2.15,3.33,9.47,170
Scranton,277.04,7.11,30.04,0.13,6.76,7.5,25
Union City,263.69,12.51,62.94,2.65,6.82,16.86,62
New Britain,185.25,0.01,11.0,13.35,11.23,11.28,36
El Cajon,247.0,12.0,90.12,3.1,7.35,14.73,137
Kenner,196.93,4.11,63.66,1.18,2.77,3.01,64
Allen,247.0,11.65,70.1,2.41,5.04,6.54,84
East Los Angeles,310.42,36.67,38.27,1.33,5.05,11.91,45
Saint Louis,417.23,33.24,33.98,3.46,17.01,19.32,53
Pleasanton,290.39,28.79,49.35,4.23,4.46,9.68,41
Gulfport,183.58,1.84,67.23,0.48,1.59,1.65,75
Wilmington,447.27,33.93,2.24,0.38,13.3,17.67,43
Centreville,370.5,25.36,0.49,0.06,7.93,10.25,31
Kirkland,390.53,36.67,13.59,2.74,6.04,8.98,45
Escondido,360.49,25.71,47.92,0.98,12.83,21.31,41
Macon,290.39,4.93,27.54,1.27,12.79,14.0,41
Kennewick,273.71,9.17,31.83,0.2,1.08,2.31,26
Edinburg,260.35,9.08,52.21,4.41,2.66,6.47,44
Fishers,277.04,11.31,70.1,3.01,8.16,9.1,84
Brandon,253.68,2.74,61.51,0.83,31.68,39.31,82
Marysville,313.76,15.59,19.31,0.89,2.81,3.66,19
Schenectady,280.38,4.8,47.92,0.53,3.07,3.41,40
Columbus,333.79,20.22,33.62,0.92,8.53,10.48,28
Erie,277.04,4.8,90.12,3.79,6.91,7.89,137
Kendall,226.97,9.25,23.25,1.52,1.77,2.62,19
Albany,330.45,15.59,30.04,0.55,4.87,6.42,25
Saint Charles,447.27,34.62,18.77,1.13,16.06,17.86,51
Hartford,433.92,22.28,0.64,0.15,16.26,22.44,51
Waldorf,200.27,1.67,81.54,0.65,10.51,16.59,116
Apple Valley,400.54,37.01,29.68,2.44,5.64,7.85,46
Danbury,380.52,19.88,17.7,0.34,12.91,17.34,41
Jersey City,594.14,49.35,0.07,2.18,17.86,27.65,61
Metairie,201.94,4.97,63.66,0.82,2.58,2.76,64
Rio Rancho,163.56,0.5,72.96,0.08,5.77,28.44,93
Hemet,313.76,7.8,208.86,8.11,37.32,46.26,236
Cleveland,420.57,45.24,47.21,4.59,15.38,17.82,56
Thornton,196.93,5.01,94.41,5.31,2.68,3.47,148
Columbia,307.08,7.88,52.93,0.5,19.8,21.35,58
Enterprise,211.95,1.69,73.67,0.02,8.28,8.38,95
Ellicott City,460.63,36.67,2.53,0.86,12.43,21.76,45
Bk,1348.5,105.56,0.0,5.54,43.15,62.73,114
Houston,287.06,24.33,44.7,8.23,4.66,6.71,37
Oceanside,213.62,2.06,104.43,0.97,8.51,14.01,173
Orange,250.34,4.28,52.21,1.27,12.61,19.68,44
German,196.93,0.94,36.48,0.09,6.29,7.39,30
Pittsburg,403.88,34.62,22.35,2.35,9.86,11.56,43
Berkeley,230.31,4.88,68.67,1.03,4.44,10.12,80
New Bedford,347.14,15.94,15.02,0.13,9.95,14.0,32
Carlsbad,213.62,2.06,104.43,0.97,8.51,14.01,173
Alexandria,216.96,1.11,103.0,2.74,12.24,29.58,170
Overland Park,213.62,3.47,79.39,1.22,5.5,6.07,110
Melbourne,220.3,3.17,47.92,1.91,1.61,1.89,40
Sioux Falls,240.33,3.17,77.96,1.27,3.86,4.27,107
Huntsville,277.04,4.84,66.52,1.43,25.48,28.68,73
Turlock,230.31,8.65,74.39,2.24,1.23,2.12,98
Gainesville,193.6,1.56,80.82,1.22,2.11,2.25,114
Champaign,267.03,8.4,67.23,4.89,13.23,13.63,75
Inglewood,267.03,15.94,98.71,3.93,5.39,8.47,159
Saint Joseph,211.95,6.34,67.23,2.59,12.98,14.44,75
Brockton,380.52,24.33,32.9,0.7,11.52,16.35,37
Tulsa,203.61,3.38,86.55,1.0,3.52,3.84,128
North Las Vegas,180.24,0.43,108.72,0.07,3.02,17.88,184
Westminster,230.31,14.91,28.97,4.89,9.68,11.14,31
Lakewood,206.95,10.2,66.52,0.86,3.76,6.06,73
San Jose,267.03,15.42,59.37,2.83,6.66,16.18,51
Irvine,337.12,33.24,69.38,8.82,7.59,13.36,82
Bossier City,233.65,9.51,76.53,7.51,5.38,6.62,103
Columbus,333.79,20.22,33.62,0.92,8.53,10.48,28
Clearwater,220.3,0.8,39.34,0.31,0.98,2.05,33
Syracuse,427.25,13.37,27.18,56.74,89.75,105.03,164
Palm Bay,267.03,5.1,38.27,0.54,4.19,4.3,32
Vacaville,223.64,6.6,67.95,0.16,0.71,1.22,77
Glen Burnie,794.41,43.87,0.0,1.36,21.87,32.71,62
Broomfield,196.93,5.66,76.53,1.55,3.8,5.01,103
Pittsburgh,403.88,34.62,22.35,2.35,9.86,11.56,43
Memphis,317.1,15.59,98.71,4.47,21.45,22.6,159
Appleton,283.72,11.82,44.35,3.13,2.42,3.17,37
Green Bay,300.41,10.45,44.7,0.95,2.25,2.69,37
Upland,380.52,41.13,53.64,2.86,18.54,24.93,56
Virginia Beach,257.02,2.29,113.01,2.53,11.78,12.84,195
Springdale,186.92,1.95,80.11,1.12,4.8,6.07,112
Saint Paul,317.1,19.88,44.7,1.4,3.12,3.99,37
Nashua,273.71,5.66,52.93,0.27,9.43,10.51,44
Napa,211.95,3.04,68.67,0.2,0.77,1.36,80
Huntington Beach,337.12,33.24,69.38,8.82,7.59,13.36,82
Brentwood,240.33,9.6,78.68,2.98,1.41,2.16,109
Rochester,313.76,9.85,53.64,1.77,6.25,7.25,45
New Rochelle,1148.22,106.93,0.0,4.35,34.83,53.23,115
Spokane,280.38,13.54,30.76,0.24,0.79,1.08,26
Beaumont,283.72,15.77,55.08,4.65,8.12,9.82,46
Canton,247.0,3.73,75.82,8.11,8.32,9.33,102
Richmond,367.17,21.76,4.07,0.35,10.21,11.84,33
Charlotte,313.76,12.51,57.22,1.04,15.75,17.84,50
Santa Monica,216.96,5.4,100.14,0.9,3.27,4.96,162
Bloomington,236.99,3.47,75.82,2.09,7.99,8.65,102
Durham,333.79,13.02,22.35,0.35,14.97,17.65,48
Indio,243.66,3.0,158.79,1.85,16.73,22.18,216
Rock Hill,250.34,5.4,34.69,0.15,13.1,14.28,42
Newark,594.14,49.35,0.07,2.18,17.86,27.65,61
Ames,236.99,2.44,70.81,1.27,12.86,15.24,86
Santa Clara,267.03,15.42,59.37,2.83,6.66,16.18,51
New Orleans,201.94,4.97,63.66,0.82,2.58,2.76,64
Warwick,267.03,8.74,48.64,2.65,1.58,3.24,41
Spring Hill,263.69,6.51,65.09,1.42,6.96,7.16,69
Tallahassee,205.28,0.68,75.1,0.05,5.19,5.22,100
Lynchburg,250.34,10.88,7.96,0.33,6.77,7.82,21
Westminster,230.31,14.91,28.97,4.89,9.68,11.14,31
Paradise,206.95,4.28,110.15,0.57,3.63,19.81,187
Lynwood,267.03,15.94,98.71,3.93,5.39,8.47,159
Camarillo,220.3,5.66,86.55,0.14,2.33,3.99,128
Lake Forest,293.73,9.6,110.15,4.23,8.24,9.97,187
Naperville,567.44,85.0,16.99,12.76,16.62,22.5,102
Boise,216.96,2.46,59.37,0.07,0.5,1.11,51
Stockton,213.62,3.81,74.39,0.4,0.64,1.2,98
Lawrence,203.61,1.8,90.84,0.78,4.84,5.17,139
Peoria,280.38,7.11,67.23,1.16,8.91,9.12,75
O'Fallon,440.6,24.68,5.01,0.21,14.92,16.92,48
Mesa,230.31,11.48,103.0,2.15,3.33,9.47,170
Bryan,233.65,4.67,94.41,2.18,5.94,6.71,148
Garland,243.66,11.31,71.53,2.3,4.8,6.41,89
Springfield,293.73,7.28,78.68,1.94,17.98,18.61,109
Flint,307.08,7.63,38.62,0.37,3.72,4.99,32
Tacoma,300.41,23.31,21.82,2.21,3.19,4.85,29
Waterbury,313.76,13.2,19.85,0.23,9.94,12.07,32
Eagan,317.1,19.88,44.7,1.4,3.12,3.99,37
Fort Smith,196.93,2.29,79.39,2.0,4.98,6.08,110
Carmichael,253.68,2.87,22.17,1.48,2.53,5.93,18
Daly City,220.3,1.31,76.53,0.84,6.0,15.45,103
Murrieta,283.72,18.17,70.81,1.27,23.14,32.68,86
Quincy,440.6,35.99,26.46,1.15,17.85,23.13,54
Boulder,160.22,2.87,43.99,0.05,3.15,4.71,37
Evanston,280.38,10.37,103.0,7.15,7.47,9.52,170
Dothan,240.33,1.25,70.81,0.03,10.32,10.38,86
Antioch,453.95,36.67,16.09,0.54,19.21,21.76,57
Madison,377.18,24.68,33.26,0.21,7.25,8.83,30
Victorville,196.93,1.31,104.43,0.48,4.45,16.11,173
Billings,173.57,1.29,74.39,0.07,0.61,0.81,98
Sandy Springs,337.12,20.05,44.7,2.47,16.77,18.37,52
Iowa City,253.68,4.58,80.11,3.37,7.93,8.01,112
Largo,257.02,7.11,32.54,0.95,1.45,1.8,27
Shreveport,233.65,9.51,76.53,7.51,5.38,6.62,103
Kalamazoo,307.08,9.77,37.55,0.29,9.46,11.52,31
Round Rock,220.3,4.76,65.8,0.97,2.42,3.12,71
Columbia,307.08,7.88,52.93,0.5,19.8,21.35,58
Sandy,447.27,55.52,3.84,1.65,8.14,10.33,69
Hoover,257.02,5.18,68.67,0.97,11.37,12.95,80
Fullerton,447.27,72.66,52.93,10.01,13.3,19.51,90
Rapid City,203.61,3.04,57.94,0.47,4.14,4.64,49
Newport Beach,337.12,33.24,69.38,8.82,7.59,13.36,82
Palm Coast,210.29,0.92,77.96,0.29,2.01,2.71,107
Albany,330.45,15.59,30.04,0.55,4.87,6.42,25
Providence,310.42,9.94,53.64,0.42,12.92,14.61,45
Decatur,283.72,5.91,72.96,2.06,14.05,14.49,93
Anaheim,447.27,72.66,52.93,10.01,13.3,19.51,90
Rochester,313.76,9.85,53.64,1.77,6.25,7.25,45
Buffalo,350.48,15.42,43.27,1.68,4.54,5.84,36
Richmond,367.17,21.76,4.07,0.35,10.21,11.84,33
Sunnyvale,236.99,6.86,65.09,1.43,6.42,16.45,69
Milwaukee,270.37,5.74,82.25,1.25,3.98,4.79,118
Conroe,260.35,11.14,70.81,2.3,6.85,8.25,86
Savannah,273.71,6.17,44.35,1.06,23.06,24.17,65
Costa Mesa,337.12,33.24,69.38,8.82,7.59,13.36,82
New Haven,600.82,43.18,0.24,0.5,32.57,38.69,84
Westland,594.14,36.67,0.07,0.17,13.1,18.96,45
Cedar Rapids,250.34,4.46,80.82,2.8,7.29,7.38,114
Troy,330.45,15.59,30.04,0.55,4.87,6.42,25
Santa Barbara,190.26,0.52,95.84,0.16,1.6,2.58,152
Chino,380.52,41.13,53.64,2.86,18.54,24.93,56
Tucson,173.57,1.19,75.82,0.14,3.7,16.31,102
Joliet,467.3,51.41,19.31,6.86,10.78,14.98,64
Moreno Valley,323.77,19.88,154.5,9.18,28.97,36.99,215
Elizabeth,357.15,19.88,46.49,1.59,11.23,15.26,39
Wyoming,640.87,44.55,0.06,1.01,14.64,17.72,55
Norman,201.94,1.89,77.96,0.18,2.3,2.53,107
Frisco,240.33,10.2,73.67,2.44,5.29,6.39,95
Waterloo,240.33,2.96,72.96,0.51,3.14,3.24,93
Oakland,230.31,4.88,68.67,1.03,4.44,10.12,80
Jonesboro,267.03,2.74,87.26,0.38,12.32,13.19,130
Springfield,293.73,7.28,78.68,1.94,17.98,18.61,109
Mission,216.96,3.09,46.49,0.08,2.44,3.46,39
Lansing,360.49,17.99,21.82,0.4,5.77,6.99,22
Bay,247.0,3.26,55.08,0.33,30.3,39.14,79
Poinciana,260.35,3.56,59.37,0.54,6.32,6.52,51
Davis,220.3,4.41,75.82,0.19,0.65,1.0,102
Lehigh Acres,243.66,3.94,26.11,0.23,1.16,1.31,22
Henderson,203.61,4.41,113.01,0.63,3.1,15.33,195
Framingham,370.5,22.28,43.27,0.45,21.35,23.93,61
Waco,223.64,3.47,82.97,2.77,6.43,7.57,119
Fort Worth,216.96,4.11,80.82,1.58,4.29,5.0,114
Bellingham,293.73,20.91,23.6,2.35,2.81,3.98,26
Maple Grove,307.08,13.02,47.21,0.33,2.56,3.95,40
Torrance,267.03,15.94,98.71,3.93,5.39,8.47,159
San Diego,226.97,6.43,97.28,1.58,7.32,14.19,155
Phoenix,213.62,8.91,105.86,0.83,3.29,8.8,177
Independence,233.65,8.74,74.39,4.71,5.91,6.54,98
McKinney,247.0,11.65,70.1,2.41,5.04,6.54,84
Cranston,280.38,8.05,45.06,0.29,8.2,9.67,38
Peoria,280.38,7.11,67.23,1.16,8.91,9.12,75
Fontana,387.19,41.47,70.81,3.82,26.96,34.07,86
Indianapolis,273.71,12.0,67.95,3.22,8.12,9.22,77
Fall River,350.48,17.48,25.75,0.33,9.74,14.3,31
Yuba City,216.96,1.59,78.68,0.23,0.63,0.92,109
Tuscaloosa,236.99,2.87,66.52,0.6,10.33,10.72,73
Pearland,236.99,15.77,58.65,3.31,3.47,4.89,49
Palatine,367.17,25.71,84.4,8.94,17.48,20.88,123
San Angelo,193.6,0.62,64.37,0.11,1.11,1.43,66
Murfreesboro,287.06,10.54,47.21,0.12,13.78,15.23,44
Jacksonville,213.62,4.07,86.55,3.16,3.71,4.13,128
Olathe,205.28,1.54,80.82,0.48,5.02,5.48,114
Redlands,614.17,50.72,137.33,6.56,70.96,79.76,208
Franklin,270.37,8.57,57.94,0.07,14.7,15.99,49
Norwalk,540.73,61.01,7.78,1.97,16.51,22.39,76
Nampa,290.39,13.2,29.33,0.1,1.4,2.01,24
Hialeah,240.33,12.85,17.7,1.67,1.96,2.99,16
San Clemente,185.25,1.08,49.35,0.02,3.0,4.19,41
Wichita,206.95,2.91,80.82,0.37,3.24,3.83,114
Redwood City,233.65,5.48,69.38,1.45,6.26,16.16,82
Gilbert,226.97,10.54,90.12,1.94,3.77,12.44,137
Cheektowaga,377.18,22.96,40.05,2.21,6.84,8.07,33
Plano,247.0,11.65,70.1,2.41,5.04,6.54,84
Merced,220.3,2.91,87.26,0.46,1.41,2.07,130
Oshkosh,390.53,29.47,22.17,1.25,4.88,6.39,36
Salem,233.65,2.49,38.62,0.36,4.42,6.79,32
Arden-Arcade,273.71,13.54,64.37,0.92,1.4,2.18,66
Pasadena,310.42,36.67,38.27,1.33,5.05,11.91,45
Livonia,854.49,49.35,0.0,0.79,18.72,28.08,61
Lowell,330.45,13.37,47.92,0.44,15.54,17.73,50
Hesperia,196.93,1.31,104.43,0.48,4.45,16.11,173
Ogden,185.25,9.94,50.07,0.13,1.14,1.66,42
Clifton,377.18,25.36,35.41,1.27,12.94,18.13,42
Plymouth,195.27,6.08,43.63,1.77,19.03,22.14,57
Whittier,383.85,50.72,60.8,7.03,7.64,12.06,63
Toms River,540.73,39.07,15.2,1.07,22.85,29.09,64
Dale City,694.28,30.85,0.0,1.18,15.63,29.62,50
Casas Adobes,173.57,1.19,75.82,0.14,3.7,16.31,102
Fort Collins,183.58,2.96,68.67,0.46,3.46,4.41,80
Yorba Linda,447.27,72.66,52.93,10.01,13.3,19.51,90
Hayward,280.38,22.96,49.35,3.4,5.84,13.48,41
San Mateo,233.65,5.48,69.38,1.45,6.26,16.16,82
Woodbury,267.03,7.71,57.94,0.59,1.55,1.89,49
Dearborn,1068.12,79.51,0.0,1.76,23.54,31.49,99
Ann Arbor,447.27,33.59,5.5,0.07,10.61,13.71,41
Cincinnati,473.98,45.93,19.31,1.94,13.53,16.29,57
Bayamón,190.26,0.85,29.33,0.82,3.88,8.44,24
South Bend,460.63,33.24,4.51,0.62,11.09,13.52,41
Hammond,397.21,45.24,28.97,7.87,9.8,12.37,56
Carson,267.03,15.94,98.71,3.93,5.39,8.47,159
Port Saint Lucie,300.41,18.51,21.46,1.4,4.2,4.43,23
Salinas,223.64,3.09,70.81,0.8,5.19,12.44,86
Asheville,273.71,8.65,45.78,0.86,10.34,12.18,38
Washington,1375.2,60.32,0.0,3.82,38.0,49.78,95
New York,594.14,49.35,0.07,2.18,17.86,27.65,61
Baldwin Park,413.9,62.38,21.99,2.86,10.62,18.9,77
Union City,263.69,12.51,62.94,2.65,6.82,16.86,62
Lakeland,273.71,4.58,56.51,0.57,6.51,6.67,47
Eau Claire,247.0,2.27,55.08,0.04,0.5,0.61,46
Laguna Niguel,270.37,15.25,75.1,1.31,6.19,12.87,100
Sterling Heights,460.63,29.47,10.64,0.84,8.9,12.28,36
College Station,236.99,5.18,94.41,2.68,5.87,6.64,148
Rockford,287.06,8.82,63.66,0.16,3.69,4.31,64
Denton,220.3,6.0,77.25,1.25,3.68,4.31,105
Miami Beach,223.64,8.31,25.39,1.06,1.58,2.63,21
Modesto,226.97,5.57,77.25,0.42,1.1,1.98,105
Southfield,440.6,22.96,17.17,0.72,8.24,11.48,28
Portland,383.85,23.99,1.21,0.48,6.19,9.41,29
North Little Rock,243.66,4.5,76.53,0.54,7.55,8.42,103
Yonkers,600.82,56.89,0.22,1.71,18.86,28.3,71
Atlanta,317.1,14.74,42.92,1.42,15.14,16.5,49
Cambridge,267.03,5.18,58.65,1.3,1.44,2.51,49
Wilmington,447.27,33.93,2.24,0.38,13.3,17.67,43
Fargo,250.34,1.84,50.78,0.15,0.74,0.89,43
Glendale,216.96,6.0,97.28,1.16,2.8,4.87,155
Abilene,205.28,1.46,66.52,0.22,1.49,2.07,73
Bismarck,253.68,0.88,81.54,0.02,1.44,1.51,116
Lawton,196.93,1.39,69.38,0.08,1.57,1.76,82
Fremont,310.42,27.42,42.2,2.71,6.74,15.22,35
Redding,260.35,10.8,48.64,0.27,1.39,1.76,41
Johnson City,387.19,25.71,45.78,0.7,10.42,12.5,38
San Tan Valley,196.93,4.07,70.81,0.13,4.08,13.48,86
Deerfield Beach,333.79,32.9,1.14,3.87,3.74,5.0,41
Warren,460.63,29.47,10.64,0.84,8.9,12.28,36
Fresno,220.3,3.21,101.57,0.53,2.22,2.93,166
Auburn,260.35,4.88,57.22,0.17,10.35,10.47,48
Kissimmee,243.66,4.46,56.51,0.59,4.76,5.03,47
Grand Prairie,223.64,5.36,81.54,1.74,5.19,6.26,116
Chattanooga,297.07,10.03,40.77,0.63,17.63,20.41,54
Ontario,380.52,41.13,53.64,2.86,18.54,24.93,56
Newton,393.87,21.94,45.06,0.54,22.05,26.25,63
Frederick,297.07,14.57,42.56,0.97,8.03,9.77,36
Visalia,216.96,3.04,108.72,0.62,3.6,4.58,184
Clarksville,257.02,4.54,77.25,0.52,15.02,16.01,105
Saint George,226.97,0.92,28.25,0.81,2.09,7.95,23
Davie,250.34,12.0,14.84,1.27,1.98,3.04,15
Medford,433.92,33.59,30.04,0.89,22.82,27.0,64
North Richland Hills,213.62,4.07,80.11,1.07,3.69,4.42,112
Skokie,280.38,10.37,103.0,7.15,7.47,9.52,170
Missouri City,293.73,22.96,47.92,5.36,4.88,6.84,40
Miramar,240.33,12.85,17.7,1.67,1.96,2.99,16
West Jordan,307.08,40.44,20.39,2.38,3.21,5.54,50
Evansville,307.08,7.11,80.82,2.68,16.59,18.05,114
The Woodlands,287.06,25.36,50.78,5.96,6.8,8.64,43
Town 'n' Country,290.39,10.37,44.35,0.81,4.86,5.1,37
Rochester Hills,377.18,16.97,18.95,0.21,5.73,10.81,21
Longmont,188.59,3.51,77.96,1.45,3.23,4.12,107
Suffolk,390.53,24.68,6.53,0.48,21.93,25.51,63
Colorado Springs,158.55,0.95,67.95,0.57,2.56,3.75,77
Lewisville,240.33,10.2,73.67,2.44,5.29,6.39,95
Portsmouth,201.94,6.86,37.19,1.21,13.5,16.46,43
Santa Maria,230.31,0.88,48.64,0.25,1.39,1.47,41
Mount Pleasant,210.29,4.11,62.23,4.83,4.6,6.1,60
Saint Petersburg,233.65,5.23,60.08,4.65,1.34,1.75,53
Schaumburg,367.17,25.71,84.4,8.94,17.48,20.88,123
Manteca,213.62,3.81,74.39,0.4,0.64,1.2,98
Spokane Valley,380.52,30.5,18.77,0.3,2.76,3.85,38
Aurora,574.11,87.74,8.49,11.8,13.73,19.15,104
Rockville,707.63,45.24,0.0,1.51,20.15,25.75,59
Roswell,350.48,19.88,52.21,2.71,19.66,21.66,58
Knoxville,614.17,68.55,3.71,1.67,22.16,24.6,85
San Marcos,206.95,3.64,65.8,0.13,2.1,2.65,71
Vallejo,220.3,3.21,73.67,0.51,1.82,3.56,95
San Francisco,220.3,1.31,76.53,0.84,6.0,15.45,103
Mesquite,216.96,4.07,78.68,0.67,3.87,5.18,109
Chula Vista,226.97,6.43,97.28,1.58,7.32,14.19,155
Lexington-Fayette  county,283.72,13.37,52.93,1.18,7.94,8.59,44
Yakima,263.69,8.23,47.21,0.13,1.05,1.74,40
Wichita Falls,200.27,1.37,68.67,0.1,1.21,1.4,80
Beaverton,270.37,12.51,15.2,0.19,4.17,6.18,15
Flagstaff,155.21,0.62,89.41,0.15,3.21,8.21,136
Cape Coral,240.33,2.91,32.19,0.37,1.2,1.4,27
Lee's Summit,213.62,2.91,78.68,1.43,5.66,6.05,109
Oklahoma City,208.62,3.38,78.68,0.47,2.61,2.88,109
McAllen,216.96,3.09,46.49,0.08,2.44,3.46,39
Odessa,226.97,1.18,77.25,0.88,1.58,2.05,105
Toledo,260.35,27.42,18.95,0.13,10.05,15.55,34
Carrollton,233.65,8.14,77.25,2.18,5.3,6.46,105
Lafayette,216.96,3.34,69.38,1.12,3.46,3.86,82
Gresham,397.21,34.27,5.45,2.24,6.16,7.78,42
Menifee,323.77,11.31,168.8,6.2,30.3,39.54,220
Livermore,257.02,16.11,70.81,2.74,2.75,4.58,86
Edmond,206.95,3.21,79.39,0.45,2.69,3.01,110
Baltimore,460.63,36.67,2.53,0.86,12.43,21.76,45
Layton,320.44,45.24,19.49,1.18,6.22,7.04,56
Roseville,220.3,4.16,74.39,0.19,0.63,1.36,98
Tempe,230.31,11.48,103.0,2.15,3.33,9.47,170
Concord,270.37,9.17,30.4,0.11,7.74,8.51,25
Rancho Cucamonga,387.19,41.47,70.81,3.82,26.96,34.07,86
North Charleston,370.5,19.36,21.64,0.48,24.16,25.16,67
Riverview,216.96,8.31,6.26,0.29,3.07,3.74,10
Plantation,250.34,12.0,14.84,1.27,1.98,3.04,15
Lubbock,188.59,1.97,74.39,0.33,4.77,12.18,98
Alhambra,310.42,36.67,38.27,1.33,5.05,11.91,45
Renton,377.18,38.73,26.46,5.84,5.68,8.36,48
Grand Rapids,640.87,44.55,0.06,1.01,14.64,17.72,55
Miami,223.64,8.31,25.39,1.06,1.58,2.63,21
Orlando,253.68,9.77,51.5,1.8,4.85,5.37,43
Sacramento,223.64,4.71,75.1,0.29,0.66,0.99,100
Vancouver,317.1,16.11,21.1,1.07,1.53,5.67,20
Rancho Cordova,273.71,13.54,64.37,0.92,1.4,2.18,66
South Jordan,447.27,55.52,3.84,1.65,8.14,10.33,69
Trenton,327.11,14.22,44.7,0.57,11.15,15.53,37
Arlington Heights,323.77,19.54,92.98,7.87,11.4,14.14,144
Deltona,226.97,3.17,61.51,0.44,3.28,3.76,57
Kansas City,233.65,8.74,74.39,4.71,5.91,6.54,98
Surprise,183.58,2.12,110.15,0.19,4.25,11.79,187
Charleston,333.79,14.4,51.5,1.15,23.02,23.94,65
Flower Mound,223.64,6.43,77.96,1.83,4.38,5.12,107
Bloomington,236.99,3.47,75.82,2.09,7.99,8.65,102
Little Rock,243.66,4.5,76.53,0.54,7.55,8.42,103
Newport News,453.95,30.5,26.11,1.31,21.35,24.4,61
Temecula,260.35,7.37,120.16,2.59,20.0,29.03,201
Greenville,317.1,10.45,42.2,0.32,17.26,19.92,53
Santa Fe,161.89,0.55,76.53,0.4,4.89,19.48,103
Baton Rouge,195.27,2.83,67.95,1.16,2.32,2.57,77
Raleigh,290.39,7.8,54.36,0.98,14.12,16.85,46
Montgomery,280.38,3.73,68.67,0.97,11.51,11.71,80
Meridian,220.3,2.49,71.53,0.77,7.93,8.23,89
The Villages,250.34,7.28,53.64,1.24,3.54,3.74,45
West Valley City,307.08,40.44,20.39,2.38,3.21,5.54,50
Delray Beach,323.77,30.16,3.53,2.77,3.34,4.36,37
Citrus Heights,220.3,4.16,74.39,0.19,0.63,1.36,98
Elgin,433.92,34.62,69.38,10.01,26.34,30.71,82
Bridgeport,580.79,65.12,2.71,1.39,19.86,27.43,81
Tracy,230.31,8.4,79.39,1.03,1.59,2.62,110
Youngs,293.73,8.4,41.49,0.38,18.5,20.44,56
Orem,283.72,26.39,45.06,1.76,2.87,4.52,38
Stamford,540.73,61.01,7.78,1.97,16.51,22.39,76
Fort Lauderdale,313.76,29.82,2.55,3.99,3.45,4.66,37
Boca Raton,333.79,32.9,1.14,3.87,3.74,5.0,41
Warner Robins,427.25,18.34,7.15,0.16,17.89,20.38,54
Lafayette,216.96,3.34,69.38,1.12,3.46,3.86,82
Brownsville,226.97,9.85,57.22,2.74,2.93,4.39,48
Allen,247.0,11.65,70.1,2.41,5.04,6.54,84
Victoria,287.06,14.74,39.7,2.56,2.65,3.16,33
Sunrise,250.34,12.0,14.84,1.27,1.98,3.04,15
Pharr,247.0,7.45,47.92,0.72,3.41,4.24,40
Davenport,263.69,6.08,77.96,2.71,7.44,7.56,107
Glendale,216.96,6.0,97.28,1.16,2.8,4.87,155
San Juan,201.94,0.22,45.42,0.17,3.89,7.66,38
Everett,277.04,10.63,55.79,2.3,3.09,3.97,47
Milpitas,310.42,27.42,42.2,2.71,6.74,15.22,35
High Point,303.75,11.48,63.66,1.88,15.03,16.97,64
Passaic,377.18,25.36,35.41,1.27,12.94,18.13,42
Lawrence,203.61,1.8,90.84,0.78,4.84,5.17,139
East Orange,357.15,19.88,46.49,1.59,11.23,15.26,39
Alameda,250.34,7.71,66.52,1.86,6.45,15.42,73
Des Moines,263.69,6.51,65.09,1.42,6.96,7.16,69
South Gate,267.03,15.94,98.71,3.93,5.39,8.47,159
San Ramon,176.91,4.33,16.81,0.04,7.14,11.92,23
Bend,223.64,3.86,41.49,0.12,0.5,0.64,35
Mobile,198.6,2.14,65.09,0.57,3.79,3.88,69
League City,220.3,10.45,68.67,2.47,2.76,3.73,80
Killeen,205.28,2.66,70.81,0.47,2.66,3.18,86
Arvada,196.93,5.66,76.53,1.55,3.8,5.01,103
Folsom,230.31,5.14,73.67,0.25,0.81,1.56,95
Alafaya,253.68,9.77,51.5,1.8,4.85,5.37,43
Avondale,188.59,4.37,108.72,0.2,4.03,10.69,184
Fayetteville,186.92,1.95,80.11,1.12,4.8,6.07,112
Richardson,243.66,11.31,71.53,2.3,4.8,6.41,89
Aurora,574.11,87.74,8.49,11.8,13.73,19.15,104
Jackson,233.65,6.0,52.21,0.21,5.1,6.56,44
Bellevue,390.53,36.67,13.59,2.74,6.04,8.98,45
Hollywood,216.96,6.0,97.28,1.16,2.8,4.87,155
Palmdale,205.28,2.57,94.41,0.55,3.65,5.86,148
Riverside,323.77,19.88,154.5,9.18,28.97,36.99,215
Akron,520.71,46.61,0.66,0.98,12.36,21.29,58
Gaithersburg,707.63,45.24,0.0,1.51,20.15,25.75,59
South San Francisco,220.3,1.31,76.53,0.84,6.0,15.45,103
Pasco,273.71,9.17,31.83,0.2,1.08,2.31,26
Bolingbrook,567.44,85.0,16.99,12.76,16.62,22.5,102
Oxnard,267.03,16.79,67.95,0.54,3.21,5.51,77
Gastonia,307.08,10.97,44.7,0.41,15.64,17.33,50
Fayetteville,186.92,1.95,80.11,1.12,4.8,6.07,112
New Braunfels,198.6,2.57,62.94,0.09,2.2,2.79,62
Salt Lake City,307.08,40.44,20.39,2.38,3.21,5.54,50
Columbia,307.08,7.88,52.93,0.5,19.8,21.35,58
Lincoln,243.66,3.98,80.11,2.41,9.41,9.75,112
Bayonne,193.6,4.03,37.55,0.37,7.73,11.3,31
Homestead,196.93,0.72,33.62,0.23,1.14,1.43,28
Jackson,233.65,6.0,52.21,0.21,5.1,6.56,44
Waukegan,293.73,9.6,110.15,4.23,8.24,9.97,187
Topeka,205.28,2.01,81.54,0.69,4.12,4.51,116
Norfolk,580.79,45.24,28.97,2.5,21.88,25.81,62
Boston,440.6,35.99,26.46,1.15,17.85,23.13,54
Johns Creek,310.42,12.17,54.36,1.19,17.66,19.44,54
Lynn,453.95,40.1,31.47,1.82,17.79,21.79,54
San Antonio,243.66,13.02,55.79,4.53,3.44,4.09,47
Simi Valley,201.94,1.48,104.43,0.2,2.56,4.14,173
Winston-Salem,277.04,9.43,71.53,4.83,14.63,16.52,89
Dallas,226.97,6.6,77.25,1.34,4.31,5.72,105
Laredo,226.97,2.53,62.23,0.77,2.68,2.99,60
Cary,290.39,7.8,54.36,0.98,14.12,16.85,46
Parma,627.52,12.85,10.73,0.38,62.76,83.11,144
Lauderhill,250.34,12.0,14.84,1.27,1.98,3.04,15
Pine Hills,250.34,8.57,54.36,1.31,4.68,5.04,46
Carmel,277.04,11.31,70.1,3.01,8.16,9.1,84
Bakersfield,210.29,1.99,98.71,0.65,3.4,4.6,159
Saint Cloud,247.0,5.57,73.67,1.19,17.36,24.56,95
West Palm Beach,317.1,24.68,8.49,2.24,3.13,3.88,30
Paterson,377.18,25.36,35.41,1.27,12.94,18.13,42
Clovis,211.95,1.09,101.57,0.29,1.99,2.62,166
Seattle,297.07,16.97,47.21,2.65,4.01,6.0,40
Missoula,200.27,4.41,33.98,0.02,0.83,0.9,28
West Covina,413.9,62.38,21.99,2.86,10.62,18.9,77
El Paso,186.92,2.04,71.53,0.58,5.91,16.17,89
Hawthorne,267.03,15.94,98.71,3.93,5.39,8.47,159
Lorain,273.71,7.45,92.98,4.05,6.0,7.28,144
Cicero,367.17,32.22,64.37,8.58,11.07,14.1,66
Concord,270.37,9.17,30.4,0.11,7.74,8.51,25
Norwalk,540.73,61.01,7.78,1.97,16.51,22.39,76
Atascocita,233.65,18.34,42.92,3.55,3.98,6.03,36
San Bernardino,534.06,65.8,95.84,5.9,43.73,51.58,152
Worcester,270.37,8.31,42.92,0.21,9.71,11.11,36
Cedar Park,206.95,5.4,63.66,0.48,2.53,3.26,64
Pembroke Pines,250.34,12.0,14.84,1.27,1.98,3.04,15
Amarillo,181.91,1.11,90.12,0.21,5.44,11.08,137
Chesapeake,534.06,45.24,5.99,0.9,25.6,30.75,70
Corona,317.1,23.99,118.73,8.23,21.06,28.01,201
Broken Arrow,203.61,3.51,76.53,0.59,3.19,3.46,103
Long Beach,310.42,26.05,83.69,8.94,7.5,12.88,121
Coral Springs,243.66,8.82,18.06,0.8,1.72,2.66,15
Mayagüez,185.25,0.61,22.35,0.38,3.14,6.56,18
Chandler,213.62,6.94,100.14,0.97,3.27,10.47,162
Sunrise Manor,206.95,4.28,110.15,0.57,3.63,19.81,187
Anchorage,247.0,0.28,62.23,0.02,0.5,0.95,60
Santa Rosa,211.95,1.54,65.09,0.43,3.79,8.19,69
Fairfield,220.3,7.28,47.21,0.07,0.88,2.08,40
Centennial,253.68,19.88,63.66,2.74,4.08,6.31,64
Elk Grove,273.71,13.54,64.37,0.92,1.4,2.18,66
Pompano Beach,333.79,32.9,1.14,3.87,3.74,5.0,41
Kansas City,233.65,8.74,74.39,4.71,5.91,6.54,98
Philadelphia,1134.87,54.84,0.0,5.36,36.82,48.0,92
Sioux City,223.64,1.91,82.97,1.19,3.87,4.09,119
Reading,226.97,8.4,32.9,1.27,7.86,8.85,27
Palo Alto,263.69,12.51,62.94,2.65,6.82,16.86,62
Mission Viejo,270.37,15.25,75.1,1.31,6.19,12.87,100
Reno,183.58,3.21,60.8,0.02,0.5,1.49,55
Goodyear,188.59,4.37,108.72,0.2,4.03,10.69,184
Hillsboro,270.37,12.51,15.2,0.19,4.17,6.18,15
Greensboro,373.84,15.77,60.08,0.9,18.58,20.35,56
Thousand Oaks,377.18,35.64,28.25,0.63,5.53,8.86,44
Las Cruces,176.91,1.02,80.11,0.26,5.67,15.46,112
El Monte,310.42,36.67,38.27,1.33,5.05,11.91,45
Minneapolis,420.57,42.5,22.35,1.97,6.03,7.63,53
Albuquerque,166.89,0.55,79.39,0.2,4.94,23.79,110
Sugar Land,263.69,15.42,57.22,4.65,4.36,6.1,48
Yuma,196.93,1.71,124.45,0.42,5.4,10.89,203
Camden,1134.87,54.84,0.0,5.36,36.82,48.0,92
Guaynabo,190.26,0.85,29.33,0.82,3.88,8.44,24
Eugene,226.97,1.13,63.66,0.69,4.25,5.33,64
Walnut Creek,243.66,11.31,61.51,3.61,2.93,6.21,57
Mount Vernon,267.03,3.98,103.0,2.77,17.61,18.6,170
Bloomington,236.99,3.47,75.82,2.09,7.99,8.65,102
Loveland,190.26,3.56,74.39,0.82,3.18,4.13,98
Brooklyn Park,290.39,9.68,52.21,0.31,2.15,3.37,44
Chicago,367.17,32.22,64.37,8.58,11.07,14.1,66
Fort Myers,240.33,2.91,32.19,0.37,1.2,1.4,27
Farmington Hills,440.6,22.96,17.17,0.72,8.24,11.48,28
Gary,287.06,10.11,85.83,10.97,7.22,8.26,127
Weston,267.03,7.37,45.78,2.44,3.83,4.8,38
Nashville,453.95,36.67,16.09,0.54,19.21,21.76,57
Pueblo,176.91,1.27,81.54,1.59,2.65,4.83,116
Austin,226.97,6.0,63.66,1.15,2.59,3.42,64
Santa Clarita,203.61,1.76,101.57,0.35,2.75,4.3,166
Pawtucket,377.18,20.91,32.9,0.57,11.71,14.58,38
Lancaster,453.95,34.96,3.44,0.23,11.75,20.26,43
Chico,216.96,1.33,72.24,0.27,0.72,1.05,91
Federal Way,494.0,49.35,0.59,3.46,7.69,12.06,61
Caguas,185.25,1.0,24.32,0.8,4.0,8.49,20
Roanoke,253.68,12.17,3.26,0.06,7.42,9.01,24
Kent,236.99,4.33,63.66,1.13,10.88,11.66,64
Highlands Ranch,253.68,19.02,71.53,4.59,3.68,5.31,89
Miami Gardens,230.31,10.8,20.03,1.54,1.83,2.64,16
Jacksonville,203.61,3.64,87.26,3.4,3.04,3.41,130
Vista,213.62,2.44,98.71,0.79,10.16,14.51,159
Las Vegas,206.95,4.28,110.15,0.57,3.63,19.81,187
Boynton Beach,303.75,28.45,5.99,2.53,3.26,4.08,35
Silver Spring,1375.2,60.32,0.0,3.82,38.0,49.78,95
Lakewood,213.62,10.54,60.8,0.95,3.5,5.61,55
Downey,417.23,57.58,41.13,6.14,7.42,12.82,71
Irving,226.97,7.03,77.96,1.76,5.05,6.37,107
Manchester,273.71,13.02,29.33,2.41,1.73,3.52,24
Waukesha,293.73,8.48,75.1,1.48,5.95,7.19,100
Los Angeles,216.96,6.0,97.28,1.16,2.8,4.87,155
Corpus Christi,253.68,9.34,59.37,2.41,4.97,5.74,51
Lake Charles,208.62,2.27,67.95,0.59,3.24,3.62,77
Arlington,226.97,5.48,82.97,2.59,6.04,7.15,119
Perris,267.03,8.05,115.87,3.87,18.66,26.37,200
Chino Hills,340.46,35.64,67.23,9.06,11.44,17.65,75
San Leandro,290.39,23.65,45.06,2.92,6.68,15.28,38
Duluth,243.66,2.23,65.09,0.57,0.61,1.13,69
Carolina,186.92,0.8,25.03,0.65,4.14,7.95,21
San Buenaventura,205.28,3.77,94.41,0.24,2.25,3.7,148
Harlingen,213.62,3.98,57.94,0.16,2.66,3.74,49
Tyler,196.93,1.63,59.37,0.2,3.66,4.51,51
Bellflower,417.23,57.58,41.13,6.14,7.42,12.82,71
Ponce,166.89,0.34,17.35,0.18,2.75,6.51,14
